from,to
情報工学工房B_学域_0,情報工学工房B_学域_1
情報工学工房B_学域_0,情報工学工房B_学域_8
情報工学工房B_学域_0,情報工学工房B_学域_15
情報工学工房B_学域_0,情報工学工房B_学域_22
情報工学工房B_学域_1,情報工学工房B_学域_2
情報工学工房B_学域_1,情報工学工房B_学域_3
情報工学工房B_学域_1,情報工学工房B_学域_5
情報工学工房B_学域_2,情報工学工房B_学域_4
情報工学工房B_学域_3,情報工学工房B_学域_7
情報工学工房B_学域_5,情報工学工房B_学域_6
情報工学工房B_学域_8,情報工学工房B_学域_9
情報工学工房B_学域_8,情報工学工房B_学域_11
情報工学工房B_学域_8,情報工学工房B_学域_13
情報工学工房B_学域_9,情報工学工房B_学域_10
情報工学工房B_学域_11,情報工学工房B_学域_12
情報工学工房B_学域_13,情報工学工房B_学域_14
情報工学工房B_学域_15,情報工学工房B_学域_16
情報工学工房B_学域_15,情報工学工房B_学域_17
情報工学工房B_学域_15,情報工学工房B_学域_20
情報工学工房B_学域_16,情報工学工房B_学域_19
情報工学工房B_学域_17,情報工学工房B_学域_18
情報工学工房B_学域_20,情報工学工房B_学域_21
情報工学工房B_学域_22,情報工学工房B_学域_23
情報工学工房B_学域_22,情報工学工房B_学域_24
情報工学工房B_学域_22,情報工学工房B_学域_26
情報工学工房B_学域_22,情報工学工房B_学域_29
情報工学工房B_学域_23,情報工学工房B_学域_25
情報工学工房B_学域_26,情報工学工房B_学域_27
情報工学工房B_学域_26,情報工学工房B_学域_28
